model,mae,rmse,r2_score
Linear Regression,69989.55016667361,101451.25186957167,0.963849843424617
Decision Tree,138187.23010727967,197760.41162881072,0.8626356369934696
Random Forest,80398.99214406117,116209.22757244193,0.9525674371540811
Gradient Boosting,176368.383346956,201032.57371700602,0.8580523433677161
